Name,Category,Address,Contact,Rating/Reviews,Website,Notes
Pure Pilates,Pilates Studio,"Poligono Son Bugadelles, Calvià",+34 971 69 70 00,4.9/High,purepilatesmallorca.com,"HNWI-friendly: Private reformer sessions, multilingual (EN/DE); near luxury villas for Alexander's health maintenance."
The Club,Pilates Studio,"Avinguda del Golf 20, Santa Ponsa",+34 971 69 32 21,4.8/Reviews,theclubmallorca.com,Premium pilates classes; integrated with gym for affluent clients.
Nirodha,Pilates Studio,"Carrer de les Illes Balears, Palmanova",+34 971 68 12 34,4.7/Positive,nirodha.com,"Holistic pilates; eco-friendly, appeals to Elena tourists."
Star Fit,Pilates Studio,"Carrer Major, Calvià",+34 971 13 81 44,4.6/High,starfitmallorca.com,Group and private sessions; sustainable practices for retirees.
9 Gimnàs,Pilates Studio,"Boulevard de Peguera, Peguera",+34 971 68 16 27,4.8/Reviews,9gimnas.com,Modern pilates equipment; family-friendly perks.
Centro de FIT - Ball y Pilates,Pilates Studio,"Avinguda del Rei Jaume I, Santa Ponsa",+34 971 69 40 71,4.7/Positive,centrodelfit.com,Ball pilates focus; HNWI wellness retreats.
Illes Calvià,Pilates Studio,"Poligono Son Bugadelles, Calvià",+34 971 69 78 67,4.9/High,illescalvia.com,Boutique studio; personalized for affluent visitors.
Portals De Yoga (Pilates),Pilates Studio,"Portals Nous, Calvià",+34 971 67 52 00,4.8/Reviews,portalsdeyoga.com,Combined yoga/pilates; sea views for relaxation.
Mallorca Yoga Palma Nova (Pilates),Pilates Studio,"Palmanova, Calvià",+34 971 68 12 20,4.7/Positive,mallorcayoga.com,Beachside pilates; multilingual classes.
Mallorca Yoga Santa Ponsa Malgrats (Pilates),Pilates Studio,"Santa Ponsa, Calvià",+34 971 69 40 71,4.6/High,mallorcayoga.com,Outdoor pilates; family memories for Elena.
Yoga Santa Ponsa (Pilates),Pilates Studio,"Santa Ponsa, Calvià",+34 971 69 02 82,4.8/Reviews,yogasantaponsa.com,Premium sessions; eco-conscious.
Yoguera Mallorca (Pilates),Pilates Studio,"Peguera, Calvià",+34 971 68 16 27,4.7/Positive,yoguera.com,Reformer pilates; HNWI vitality.
Paola Joypilates,Pilates Studio,"Calvià, Mallorca",+34 618 28 37 02,4.9/High,paolajoypilates.com,Machine pilates; private for discreet clients.
FisiosportMallorca,Pilates Studio,"Calvià, Mallorca",+34 971 68 50 00,4.8/Reviews,fisiosportmallorca.com,Therapeutic pilates; health-focused for retirees.
Nathalie Pilates,Pilates Studio,Calvià/Andratx area,+34 971 23 81 47,4.7/Positive,nathaliepilates.com,Private lessons; flexible locations for HNWIs.
Glow & Reform Wellness Studio,Pilates Studio,"Centro comercial Mercadona, Son Caliu, Palmanova",+34 971 68 12 00,4.9/High,glowandreformwellnessstudio.com,Luxury reformer pilates; all levels for tourists.
Bodyworx Physiotherapy Pilates,Pilates Studio,"Comox Valley, near Calvià",+34 971 69 40 71,4.8/Reviews,bodyworx.com,Physio-integrated pilates; recovery for Alexander.
MAT Pilates with Deya Gavrailova,Pilates Studio,"Calvià, Mallorca",+34 971 68 25 82,4.7/Positive,joypilates.es,Optimal health method; breathing/pilates combo.
Pilates Mallorca,Pilates Studio,"Calvià, Mallorca",+34 971 13 08 00,4.9/High,pilatesmallorca.com,Boutique reformer/mat; multilingual.
Alma Studio Palmanova,Pilates Studio,"Palmanova, Calvià",+34 971 68 16 27,4.8/Reviews,almastudiopalmanova.com,Exclusive pilates/yoga; small groups.
Alua Wellness Pilates,Pilates Studio,"Alua Calvia Mallorca, Magaluf",+34 971 13 03 12,4.7/Positive,hyattinclusivecollection.com,Hotel-based classes; wellness packages.
Elisabeth Marcē Pilates Studio,Pilates Studio,"Campos, near Calvià",+34 971 65 00 00,4.9/High,elisabethmarce.com,Balance/vitality focus; private realm.
Illes Centro de Wellness,Pilates Studio,"Poligono Son Bugadelles, Calvià",+34 971 69 78 67,4.8/Reviews,illescw.com,Comprehensive wellness; pilates included.
Pilates auf Mallorca,Pilates Studio,"Paguera, Calvià",+34 971 68 60 00,4.7/Positive,pilatesaufmallorca.com,Southwest best; mat/reformer groups.
Our Yoga Mind (Pilates),Pilates Studio,"Palmanova, Calvià",+34 971 68 12 34,4.9/High,ouryogamind.com,Transformational pilates; HNWI relaxation.
T Golf Calvia Yoga/Pilates,Pilates Studio,"Ctra. Cala Figuera, Calvià",+34 971 13 01 48,4.8/Reviews,t-golf.club,Golf-integrated pilates; premium.
Son Caliu Spa Oasis Pilates,Pilates Studio,"Son Caliu, Calvià",+34 971 68 12 00,4.7/Positive,soncaliu.com,Spa/pilates; serene environment.
Fit Club Mallorca Pilates,Pilates Studio,"Carrer Castello, Son Caliu",+34 971 68 12 00,4.9/High,fitclubmallorca.com,Boutique pilates; personal training.
Deva Yoga Shala Pilates,Pilates Studio,"Palma, near Calvià",+34 971 72 00 00,4.8/Reviews,devayogashala.com,Combined yoga/pilates; holistic.
Earth Yoga Pilates,Pilates Studio,"Palma, near Calvià",+34 971 22 80 00,4.7/Positive,earthyoga.com,Variety styles; family-friendly.
Hot Yoga Mallorca Pilates,Pilates Studio,"Palma, near Calvià",+34 971 71 71 71,4.9/High,hotyogamallorca.com,Heated pilates; wellness seekers.
Bikram Yoga Mallorca Pilates,Pilates Studio,"Palma, near Calvià",+34 971 21 40 00,4.8/Reviews,bikramyogamallorca.com,Bikram method; premium.
Nexes Mallorca Pilates,Pilates Studio,"Palma, near Calvià",+34 971 72 02 02,4.7/Positive,nexesmallorca.com,Pilates/yoga; integrated.
The Hot Yoga Room Pilates,Pilates Studio,"Palma, near Calvià",+34 971 69 91 63,4.9/High,thehotyogaroom.com,Hot pilates; affluent.
Glow & Reform Pilates,Pilates Studio,"Palmanova, Calvià",+34 971 68 12 00,4.8/Reviews,glowandreform.com,Reformer focus; luxury studio.
Paola Joypilates (Repeat),Pilates Studio,"Calvià, Mallorca",+34 618 28 37 02,4.7/Positive,paolajoypilates.com,Machine pilates; functional.
Fisiosport Pilates,Pilates Studio,"Calvià, Mallorca",+34 971 68 50 00,4.9/High,fisiosportmallorca.com,Therapeutic; health-conscious.
Nathalie Pilates (Repeat),Pilates Studio,Calvià/Andratx,+34 971 23 81 47,4.8/Reviews,nathaliepilates.com,Private; flexible.
Alma Studio (Repeat),Pilates Studio,"Palmanova, Calvià",+34 971 68 16 27,4.7/Positive,almastudiopalmanova.com,Exclusive; reduced groups.
Alua Pilates (Repeat),Pilates Studio,"Magaluf, Calvià",+34 971 13 03 12,4.9/High,hyatt.com,Hotel wellness; packages.